datetime,naive_24,naive_168,ridge,lightgbm,ets
0,2.537,4.935,1.95,1.565,0.53
1,2.589,5.13,2.018,1.596,0.937
2,2.605,5.249,2.052,1.61,1.319
3,2.595,5.313,2.067,1.65,1.728
4,2.517,5.273,2.035,1.659,2.194
5,2.302,4.862,1.823,1.583,2.897
6,2.254,4.353,1.627,1.518,4.068
7,2.407,4.064,1.741,1.576,5.114
8,2.382,4.007,1.803,1.642,5.457
9,2.565,4.238,1.9,1.718,5.318
10,2.769,4.555,2.04,1.885,5.155
11,2.815,4.762,2.088,1.963,4.976
12,2.811,5.067,2.148,2.061,4.891
13,2.709,5.419,2.22,2.128,4.7
14,2.96,5.625,2.365,2.231,4.394
15,3.141,5.559,2.399,2.255,4.263
16,3.229,5.102,2.325,2.117,4.35
17,3.216,4.445,2.257,1.959,5.017
18,3.065,3.858,2.2,1.838,5.676
19,2.748,3.574,2.081,1.777,5.247
20,2.607,3.751,2.051,1.76,4.966
21,2.481,4.089,2.065,1.815,4.677
22,2.414,4.476,2.104,1.915,4.059
23,2.407,4.755,2.147,2.015,3.574
