datetime,naive_24,naive_168,ets,ridge,lightgbm_basic,lightgbm
2024-05,2.748,5.147,11.054,2.358,2.144,1.975
2024-06,2.739,4.03,2.267,1.856,1.876,1.633
2024-07,2.3,4.134,3.564,1.845,1.827,1.796
2024-08,3.252,4.51,2.134,2.5,2.152,1.971
2024-09,2.773,4.301,2.252,1.968,2.054,2.074
2024-10,3.02,4.853,2.649,2.128,2.134,2.092
2024-11,2.315,5.613,8.735,2.243,1.551,1.576
2024-12,2.536,2.933,5.868,1.549,1.193,1.1
2025-01,2.549,3.949,2.519,1.687,1.256,1.311
2025-02,2.006,1.569,2.328,1.076,0.82,0.814
2025-03,2.906,3.228,6.893,2.012,1.677,1.505
2025-04,2.857,3.917,8.833,2.004,1.859,1.557
