model,fold,MAE_MW,RMSE_MW,MAPE_%,daily_peak_MAPE_%,n_hours
lightgbm,2022-23,2842.2,4064.23,1.676,1.516,8760.0
lightgbm_basic,2022-23,2932.837,4132.046,1.734,1.544,8760.0
ridge,2022-23,3276.28,4518.014,1.955,1.586,8760.0
naive_24,2022-23,4369.047,6042.323,2.596,2.347,8760.0
ets,2022-23,6859.278,9430.784,3.962,5.009,8760.0
naive_168,2022-23,7238.386,9731.53,4.301,3.701,8760.0
lightgbm,2023-24,3129.55,4443.396,1.701,1.845,8784.0
lightgbm_basic,2023-24,3378.069,4735.32,1.855,1.862,8784.0
ridge,2023-24,3751.571,5155.798,2.063,2.022,8784.0
naive_24,2023-24,4845.923,6596.247,2.672,2.53,8784.0
ets,2023-24,7342.381,9779.934,3.98,4.741,8784.0
naive_168,2023-24,8450.258,11050.663,4.686,4.585,8784.0
